id_prosite,num_prosite,id_enzyme
1,PDOC00058,1
2,PDOC00059,1
3,PDOC00060,1
4,PDOC00061,2
5,PDOC00800,3
6,PDOC00059,6
7,PDOC00740,8
8,PDOC00058,9
9,PDOC00058,14
10,PDOC00751,17
11,PDOC00061,21
12,PDOC00534,23
13,PDOC00063,26
14,PDOC00062,27
15,PDOC00063,28
16,PDOC00063,29
17,PDOC00060,30
18,PDOC00697,31
19,PDOC00064,34
20,PDOC00060,35
21,PDOC00065,35
22,PDOC00060,36
23,PDOC00066,37
24,PDOC00294,38
25,PDOC00294,39
26,PDOC00294,40
27,PDOC00389,41
28,PDOC00389,42
29,PDOC00390,44
30,PDOC00060,47
31,PDOC00067,47
32,PDOC00067,49
33,PDOC00061,50
34,PDOC00060,51
35,PDOC00060,53
36,PDOC00060,56
37,PDOC00751,57
38,PDOC00059,61
39,PDOC00060,62
40,PDOC00751,67
41,PDOC00060,69
42,PDOC00061,72
43,PDOC00058,73
44,PDOC00060,76
45,PDOC00059,77
46,PDOC00061,78
47,PDOC00066,82
48,PDOC00389,85
49,PDOC00389,87
50,PDOC00064,88
51,PDOC00058,90
52,PDOC00740,94
53,PDOC00063,95
54,PDOC00060,100
55,PDOC00060,101
56,PDOC00058,103
57,PDOC00060,105
58,PDOC00060,125
59,PDOC00060,138
60,PDOC00060,140
61,PDOC00060,141
62,PDOC00060,146
63,PDOC00061,149
64,PDOC00065,157
65,PDOC00060,159
66,PDOC00060,162
67,PDOC00061,175
68,PDOC00060,178
69,PDOC00060,184
70,PDOC00061,188
71,PDOC00060,189
72,PDOC00058,195
73,PDOC00060,197
74,PDOC00061,200
75,PDOC00059,202
76,PDOC00391,205
77,PDOC00060,206
78,PDOC00061,218
79,PDOC00061,225
80,PDOC00060,233
81,PDOC00060,236
82,PDOC00059,244
83,PDOC00060,250
84,PDOC00058,251
85,PDOC00060,252
86,PDOC00058,264
87,PDOC00061,274
88,PDOC00060,276
89,PDOC00058,284
90,PDOC00389,286
91,PDOC00058,287
92,PDOC00060,289
93,PDOC00063,290
94,PDOC00697,291
95,PDOC00060,294
96,PDOC00060,295
97,PDOC00060,300
98,PDOC00058,301
99,PDOC00058,303
100,PDOC00060,304
101,PDOC00058,306
102,PDOC00063,310
103,PDOC00060,311
104,PDOC00170,388
105,PDOC00482,388
106,PDOC00543,397
107,PDOC00543,399
108,PDOC00674,401
109,PDOC00543,405
110,PDOC00543,406
111,PDOC00482,408
112,PDOC00543,413
113,PDOC00674,430
114,PDOC00674,434
115,PDOC00375,442
116,PDOC00753,443
117,PDOC00392,446
118,PDOC00543,449
119,PDOC00543,458
120,PDOC00482,488
121,PDOC00543,489
122,PDOC00392,490
123,PDOC00063,498
124,PDOC00392,498
125,PDOC00068,499
126,PDOC00068,501
127,PDOC00068,504
128,PDOC00068,505
129,PDOC00059,506
130,PDOC00847,507
131,PDOC00069,508
132,PDOC00069,509
133,PDOC00068,512
134,PDOC00068,515
135,PDOC00068,518
136,PDOC00068,520
137,PDOC00068,523
138,PDOC00068,524
139,PDOC00427,527
140,PDOC00941,534
141,PDOC00068,535
142,PDOC00940,537
143,PDOC00058,542
144,PDOC00069,555
145,PDOC00068,561
146,PDOC00608,566
147,PDOC00068,567
148,PDOC00069,568
149,PS00070,569
150,PDOC00058,572
151,PDOC00068,573
152,PDOC00068,574
153,PDOC00068,584
154,PDOC00484,593
155,PDOC00166,595
156,PDOC00597,596
157,PDOC00061,633
158,PDOC51176,642
159,PDOC00060,649
160,PDOC00061,650
161,PDOC00060,655
162,PDOC00060,658
163,PDOC00060,664
164,PDOC00060,668
165,PDOC51176,673
166,PDOC51014,684
167,PDOC00060,686
168,PDOC00060,688
169,PDOC00060,712
170,PDOC00058,714
171,PDOC00783,743
172,PDOC00081,749
173,PDOC00393,755
174,PDOC00708,756
175,PDOC00070,771
176,PDOC00070,773
177,PDOC00070,774
178,PDOC00070,776
179,PDOC00070,778
180,PDOC00708,782
181,PDOC00061,789
182,PDOC00070,795
183,PDOC00654,822
184,PDOC00071,823
185,PDOC00071,824
186,PDOC00071,825
187,PDOC00071,830
188,PDOC00406,834
189,PDOC00406,835
190,PDOC00068,839
191,PDOC00071,841
192,PDOC00573,846
193,PDOC00573,848
194,PDOC00815,850
195,PDOC00716,858
196,PDOC00406,873
197,PDOC00451,883
198,PDOC00072,884
199,PDOC00616,886
200,PDOC00068,887
201,PDOC00616,896
202,PDOC00060,914
203,PDOC00060,915
204,PDOC00674,934
205,PDOC00068,963
206,PDOC00073,986
207,PDOC00654,987
208,PDOC00394,995
209,PDOC00468,1012
210,PDOC00521,1012
211,PDOC00554,1012
212,PDOC00555,1012
213,PDOC00570,1012
214,PDOC00843,1012
215,PDOC00858,1012
216,PDOC00058,1014
217,PDOC00392,1028
218,PDOC00496,1039
219,PDOC00170,1051
220,PDOC00484,1051
221,PDOC00170,1052
222,PDOC00484,1052
223,PDOC00170,1053
224,PDOC00484,1053
225,PDOC00391,1057
226,PDOC00315,1074
227,PDOC00392,1078
228,PDOC00314,1081
229,PDOC00392,1086
230,PDOC00314,1092
231,PDOC00073,1094
232,PDOC00073,1097
233,PDOC00496,1099
234,PDOC00073,1102
235,PDOC00073,1106
236,PDOC00170,1114
237,PDOC00484,1114
238,PDOC00172,1121
239,PDOC00314,1139
240,PDOC00074,1147
241,PDOC00075,1147
242,PDOC00663,1147
243,PDOC00171,1153
244,PDOC00398,1154
245,PDOC00076,1155
246,PDOC00076,1156
247,PDOC00394,1176
248,PDOC00395,1177
249,PDOC00394,1178
250,PDOC00394,1179
251,PDOC00396,1180
252,PDOC51405,1181
253,PDOC00394,1182
254,PDOC00396,1183
255,PDOC00394,1184
256,PDOC00394,1185
257,PDOC00394,1187
258,PDOC00394,1194
259,PDOC00394,1195
260,PDOC00081,1197
261,PDOC00400,1204
262,PDOC00400,1206
263,PDOC00079,1230
264,PDOC00078,1231
265,PDOC00079,1232
266,PDOC00077,1241
267,PDOC00077,1260
268,PDOC00077,1262
269,PDOC00077,1263
270,PDOC00078,1268
271,PDOC00077,1269
272,PDOC00684,1281
273,PDOC00078,1285
274,PDOC00482,1312
275,PDOC00427,1315
276,PDOC00081,1325
277,PDOC00172,1350
278,PDOC51471,1350
279,PDOC01028,1352
280,PDOC51471,1352
281,PDOC51471,1355
282,PDOC51471,1357
283,PDOC51471,1359
284,PDOC51471,1361
285,PDOC51471,1363
286,PDOC51471,1367
287,PDOC51471,1368
288,PDOC51471,1370
289,PDOC51471,1371
290,PDOC51471,1372
291,PDOC51471,1373
292,PDOC00165,1374
293,PDOC51471,1374
294,PDOC00493,1399
295,PDOC00493,1406
296,PDOC00493,1408
297,PDOC00493,1414
298,PDOC00493,1415
299,PDOC00081,1430
300,PDOC00081,1431
301,PDOC00081,1432
302,PDOC00081,1436
303,PDOC00081,1447
304,PDOC00081,1449
305,PDOC00081,1456
306,PDOC00081,1460
307,PDOC00081,1466
308,PDOC00081,1467
309,PDOC00081,1468
310,PDOC00081,1471
311,PDOC00081,1472
312,PDOC00081,1474
313,PDOC00081,1475
314,PDOC00081,1476
315,PDOC00081,1486
316,PDOC00081,1487
317,PDOC00081,1489
318,PDOC00081,1490
319,PDOC00081,1492
320,PDOC00081,1493
321,PDOC00081,1494
322,PDOC00081,1495
323,PDOC00081,1496
324,PDOC00081,1497
325,PDOC00081,1498
326,PDOC00081,1499
327,PDOC00493,1501
328,PDOC00081,1504
329,PDOC00081,1506
330,PDOC00081,1507
331,PDOC00081,1508
332,PDOC00081,1510
333,PDOC00081,1512
334,PDOC00081,1513
335,PDOC00081,1514
336,PDOC00081,1515
337,PDOC00081,1516
338,PDOC00081,1517
339,PDOC00081,1518
340,PDOC00081,1519
341,PDOC00081,1521
342,PDOC00081,1523
343,PDOC00081,1528
344,PDOC00081,1531
345,PDOC00081,1538
346,PDOC00081,1540
347,PDOC00081,1570
348,PDOC00081,1617
349,PDOC00397,1619
350,PDOC00081,1632
351,PDOC00081,1634
352,PDOC00081,1635
353,PDOC00081,1636
354,PDOC00081,1637
355,PDOC00081,1639
356,PDOC00316,1645
357,PDOC00316,1646
358,PDOC00316,1648
359,PDOC00080,1651
360,PDOC00080,1653
361,PDOC51471,1654
362,PDOC00398,1655
363,PDOC00399,1658
364,PDOC00399,1659
365,PDOC00170,1661
366,PDOC00399,1663
367,PDOC00165,1671
368,PDOC51471,1671
369,PDOC00081,1676
370,PDOC00081,1677
371,PDOC00081,1678
372,PDOC00081,1680
373,PDOC00512,1686
374,PDOC00081,1692
375,PDOC00081,1693
376,PDOC00081,1705
377,PDOC00082,1737
378,PDOC00083,1737
379,PDOC00597,1737
380,PDOC00073,1739
381,PDOC00076,1749
382,PDOC00484,1757
383,PDOC01000,1761
384,PDOC00484,1765
385,PDOC00084,1767
386,PDOC00317,1767
387,PDOC00665,1768
388,PDOC00060,1778
389,PDOC00085,1788
390,PDOC00580,1788
391,PDOC00063,1792
392,PDOC51471,1800
393,PDOC00674,1802
394,PDOC00834,1823
395,PDOC00172,1829
396,PDOC00925,1829
397,PDOC00172,1830
398,PDOC00925,1830
399,PDOC00844,1853
400,PDOC50972,1865
401,PDOC00844,1880
402,PDOC00945,1887
403,PDOC00089,1889
404,PDOC00086,1897
405,PDOC01033,1905
406,PDOC51143,1914
407,PDOC00320,1915
408,PDOC00087,1924
409,PDOC00985,1929
410,PDOC00844,1948
411,PDOC00656,1959
412,PDOC00088,1965
413,PDOC00911,2015
414,PDOC00871,2033
415,PDOC00911,2053
416,PDOC00089,2056
417,PDOC00090,2169
418,PDOC00319,2170
419,PDOC00319,2177
420,PDOC00167,2183
421,PDOC00091,2184
422,PDOC00091,2185
423,PDOC00091,2191
424,PDOC50980,2192
425,PDOC00635,2199
426,PDOC00741,2200
427,PDOC00635,2201
428,PDOC00166,2204
429,PDOC00635,2205
430,PDOC00402,2215
431,PDOC00402,2216
432,PDOC00092,2218
433,PDOC00092,2225
434,PDOC00094,2227
435,PDOC00402,2230
436,PDOC00093,2237
437,PDOC00094,2237
438,PDOC00518,2238
439,PDOC00094,2239
440,PDOC00518,2246
441,PDOC00529,2250
442,PDOC00110,2252
443,PDOC00518,2256
444,PDOC00518,2259
445,PDOC00665,2263
446,PDOC00403,2283
447,PDOC00094,2288
448,PDOC00403,2304
449,PDOC00752,2306
450,PDOC00529,2320
451,PDOC00094,2326
452,PDOC00094,2338
453,PDOC00403,2365
454,PDOC00403,2368
455,PDOC00529,2370
456,PDOC00061,2379
457,PDOC00092,2385
458,PDOC51186,2387
459,PDOC00529,2388
460,PDOC01017,2390
461,PDOC51186,2392
462,PDOC51186,2393
463,PDOC51186,2398
464,PDOC00073,2399
465,PDOC00404,2455
466,PDOC00473,2466
467,PDOC00422,2476
468,PDOC00422,2480
469,PDOC00335,2483
470,PDOC00441,2484
471,PDOC00942,2485
472,PDOC00643,2488
473,PDOC50991,2488
474,PDOC00643,2489
475,PDOC50991,2489
476,PDOC00166,2490
477,PDOC00095,2492
478,PDOC00359,2508
479,PDOC51166,2510
480,PDOC00359,2536
481,PDOC00359,2582
482,PDOC00359,2606
483,PDOC00359,2686
484,PDOC00359,2701
485,PDOC00359,2706
486,PDOC00532,2734
487,PDOC51175,2739
488,PDOC00359,2745
489,PDOC00946,2821
490,PDOC00954,2821
491,PDOC00557,2822
492,PDOC00946,2823
493,PDOC00557,2824
494,PDOC00096,2827
495,PDOC00096,2828
496,PDOC00096,2830
497,PDOC00096,2834
498,PDOC00406,2834
499,PDOC01020,2837
500,PDOC00096,2842
501,PDOC00946,2848
502,PDOC00954,2848
503,PDOC00360,2850
504,PDOC51059,2850
505,PDOC00993,2851
506,PDOC00172,2896
507,PDOC00407,2899
508,PDOC00369,2904
509,PDOC00581,2907
510,PDOC00407,2908
511,PDOC00630,2913
512,PDOC50972,2913
513,PDOC01033,2914
514,PDOC00097,2917
515,PDOC00802,2919
516,PDOC01033,2920
517,PDOC00407,2927
518,PDOC00817,2929
519,PDOC00727,2937
520,PDOC51142,2941
521,PDOC00700,2945
522,PDOC00677,2946
523,PDOC00677,2947
524,PDOC00703,2956
525,PDOC00703,2957
526,PDOC00703,2958
527,PDOC00461,2959
528,PDOC01033,2977
529,PDOC00098,3027
530,PDOC00098,3031
531,PDOC00518,3035
532,PDOC00519,3037
533,PDOC00519,3039
534,PDOC00406,3042
535,PDOC51464,3042
536,PDOC00094,3043
537,PDOC00519,3045
538,PDOC00618,3047
539,PDOC00618,3068
540,PDOC00514,3070
541,PDOC00514,3071
542,PDOC00514,3077
543,PDOC00514,3078
544,PDOC00098,3083
545,PDOC00519,3088
546,PDOC00519,3102
547,PDOC00519,3103
548,PDOC00519,3107
549,PDOC00519,3108
550,PDOC00098,3109
551,PDOC00948,3111
552,PDOC00370,3142
553,PDOC00370,3143
554,PDOC00866,3143
555,PDOC00504,3145
556,PDOC00866,3145
557,PDOC00099,3147
558,PDOC00545,3147
559,PDOC00336,3152
560,PDOC00504,3152
561,PDOC00408,3153
562,PDOC00504,3156
563,PDOC00408,3158
564,PDOC00490,3160
565,PDOC00504,3161
566,PDOC00524,3162
567,PDOC00996,3165
568,PDOC00408,3171
569,PDOC00545,3177
570,PDOC00545,3180
571,PDOC00101,3181
572,PDOC00504,3186
573,PDOC00408,3192
574,PDOC00408,3194
575,PDOC00504,3197
576,PDOC00710,3208
577,PDOC00795,3210
578,PDOC00868,3212
579,PDOC00504,3214
580,PDOC50146,3232
581,PDOC50146,3235
582,PDOC00158,3246
583,PDOC00820,3248
584,PDOC50146,3248
585,PDOC50975,3275
586,PDOC00710,3278
587,PDOC50146,3279
588,PDOC00504,3285
589,PDOC00710,3295
590,PDOC00099,3298
591,PDOC00545,3298
592,PDOC50975,3300
593,PDOC00706,3306
594,PDOC00826,3332
595,PDOC00102,3334
596,PDOC00289,3335
597,PDOC00826,3338
598,PDOC00701,3342
599,PDOC00826,3346
600,PDOC00103,3348
601,PDOC00103,3349
602,PDOC00103,3350
603,PDOC00103,3351
604,PDOC00527,3355
605,PDOC00545,3360
606,PDOC00104,3361
607,PDOC00409,3364
608,PDOC00670,3366
609,PDOC01034,3367
610,PDOC00104,3368
611,PDOC00104,3372
612,PDOC00105,3395
613,PDOC00631,3397
614,PDOC00106,3405
615,PDOC00410,3405
616,PDOC00411,3405
617,PDOC00790,3405
618,PDOC00854,3405
619,PDOC00855,3405
620,PDOC00856,3405
621,PDOC00889,3405
622,PDOC00896,3405
623,PDOC00107,3406
624,PDOC00412,3406
625,PDOC00452,3406
626,PDOC00108,3411
627,PDOC00094,3422
628,PDOC00638,3426
629,PDOC00452,3430
630,PDOC01019,3440
631,PDOC50507,3447
632,PDOC51471,3447
633,PDOC50878,3448
634,PDOC00983,3455
635,PDOC00321,3492
636,PDOC00321,3493
637,PDOC00321,3496
638,PDOC00321,3499
639,PDOC00321,3502
640,PDOC01046,3504
641,PDOC00527,3534
642,PDOC00527,3535
643,PDOC00100,3539
644,PDOC00100,3540
645,PDOC00100,3541
646,PDOC50109,3542
647,PDOC50109,3544
648,PDOC00100,3547
649,PDOC51158,3547
650,PDOC00100,3550
651,PDOC00100,3551
652,PDOC00100,3552
653,PDOC00100,3553
654,PDOC00100,3554
655,PDOC00100,3555
656,PDOC00100,3556
657,PDOC00100,3557
658,PDOC00100,3558
659,PDOC00100,3559
660,PDOC51158,3560
661,PDOC00100,3561
662,PDOC00100,3562
663,PDOC00100,3563
664,PDOC00100,3564
665,PDOC01049,3564
666,PDOC00100,3565
667,PDOC00100,3566
668,PDOC00100,3570
669,PDOC00100,3576
670,PDOC00100,3577
671,PDOC50109,3580
672,PDOC00322,3582
673,PDOC00322,3583
674,PDOC00980,3637
675,PDOC00980,3638
676,PDOC00980,3640
677,PDOC00980,3641
678,PDOC00112,3664
679,PDOC00110,3666
680,PDOC00112,3666
681,PDOC00109,3667
682,PDOC00279,3668
683,PDOC00112,3670
684,PDOC00112,3671
685,PDOC00413,3674
686,PDOC00112,3676
687,PDOC00920,3692
688,PDOC00110,3697
689,PDOC00110,3710
690,PDOC00112,3722
691,PDOC50122,3724
692,PDOC00140,3737
693,PDOC00903,3742
694,PDOC00110,3745
695,PDOC00903,3746
696,PDOC00112,3747
697,PDOC00112,3761
698,PDOC00127,3774
699,PDOC00750,3774
700,PDOC01031,3782
701,PDOC00113,3792
702,PDOC00538,3793
703,PDOC00891,3793
704,PDOC00627,3796
705,PDOC00538,3799
706,PDOC00538,3801
707,PDOC00114,3802
708,PDOC00158,3804
709,PDOC00115,3807
710,PDOC00785,3807
711,PDOC00792,3807
712,PDOC50969,3807
713,PDOC00944,3814
714,PDOC00547,3816
715,PDOC00114,3828
716,PDOC00113,3830
717,PDOC00792,3834
718,PDOC00158,3837
719,PDOC00323,3839
720,PDOC00547,3848
721,PDOC00538,3871
722,PDOC00357,3894
723,PDOC00627,3907
724,PDOC00116,3908
725,PDOC00530,3908
726,PDOC00116,3926
727,PDOC00116,3944
728,PDOC00117,3950
729,PDOC00117,3951
730,PDOC00117,3953
731,PDOC00117,3957
732,PDOC00117,3961
733,PDOC00117,3962
734,PDOC00117,3963
735,PDOC01026,3980
736,PDOC00598,3983
737,PDOC00711,3996
738,PDOC00599,3997
739,PDOC01025,4008
740,PDOC00448,4077
741,PDOC50879,4078
742,PDOC00558,4079
743,PDOC00459,4089
744,PDOC00118,4093
745,PDOC00459,4094
746,PDOC00821,4100
747,PDOC00865,4101
748,PDOC51166,4102
749,PDOC00414,4103
750,PDOC00120,4104
751,PDOC00646,4104
752,PDOC51166,4104
753,PDOC00511,4105
754,PDOC00563,4105
755,PDOC00565,4105
756,PDOC00640,4105
757,PDOC00877,4105
758,PDOC51172,4105
759,PDOC00794,4107
760,PDOC00532,4108
761,PDOC00510,4109
762,PDOC00565,4109
763,PDOC00622,4109
764,PDOC51175,4109
765,PDOC00120,4111
766,PDOC00620,4115
767,PDOC00839,4115
768,PDOC00415,4116
769,PDOC00119,4118
770,PDOC00737,4118
771,PDOC00120,4121
772,PDOC01027,4121
773,PDOC00495,4122
774,PDOC00621,4122
775,PDOC00443,4123
776,PDOC01027,4123
777,PDOC00495,4124
778,PDOC00531,4124
779,PDOC00910,4124
780,PDOC00532,4127
781,PDOC00717,4129
782,PDOC00531,4132
783,PDOC00787,4138
784,PDOC00507,4140
785,PDOC00794,4140
786,PDOC00120,4149
787,PDOC00443,4150
788,PDOC00324,4152
789,PDOC51175,4156
790,PDOC00507,4159
791,PDOC00565,4159
792,PDOC51166,4161
793,PDOC00495,4163
794,PDOC00532,4166
795,PDOC00415,4168
796,PDOC00507,4174
797,PDOC00640,4174
798,PDOC00794,4174
799,PDOC00787,4177
800,PDOC00565,4179
801,PDOC51175,4179
802,PDOC00415,4183
803,PDOC00794,4184
804,PDOC00495,4186
805,PDOC00495,4187
806,PDOC01027,4187
807,PDOC00510,4192
808,PDOC00563,4192
809,PDOC00565,4192
810,PDOC00839,4197
811,PDOC00495,4209
812,PDOC01027,4223
813,PDOC60000,4233
814,PDOC51166,4234
815,PDOC00495,4248
816,PDOC00495,4262
817,PDOC00960,4300
818,PDOC00447,4319
819,PDOC00447,4320
820,PDOC00248,4321
821,PDOC00956,4322
822,PDOC00121,4326
823,PDOC00603,4330
824,PDOC00129,4338
825,PDOC00548,4386
826,PDOC00129,4387
827,PDOC00548,4390
828,PDOC00129,4391
829,PDOC00129,4392
830,PDOC00417,4394
831,PDOC00575,4403
832,PDOC00417,4434
833,PDOC00678,4444
834,PDOC00126,4448
835,PDOC00587,4452
836,PDOC00125,4457
837,PDOC00129,4460
838,PDOC00129,4464
839,PDOC00122,4470
840,PDOC00122,4471
841,PDOC00123,4472
842,PDOC00123,4473
843,PDOC00123,4474
844,PDOC00613,4475
845,PDOC00123,4481
846,PDOC00613,4482
847,PDOC00123,4483
848,PDOC00123,4486
849,PDOC00123,4489
850,PDOC00129,4490
851,PDOC00129,4494
852,PDOC00587,4496
853,PDOC01036,4498
854,PDOC00129,4501
855,PDOC51275,4504
856,PDOC00127,4507
857,PDOC00124,4510
858,PDOC00124,4511
859,PDOC00124,4513
860,PDOC00124,4514
861,PDOC00124,4515
862,PDOC00124,4516
863,PDOC00124,4518
864,PDOC00604,4518
865,PDOC00124,4519
866,PDOC00124,4521
867,PDOC00571,4528
868,PDOC00124,4529
869,PDOC00124,4530
870,PDOC00124,4531
871,PDOC00125,4534
872,PDOC00587,4535
873,PDOC00124,4536
874,PDOC00376,4536
875,PDOC00124,4541
876,PDOC00124,4543
877,PDOC00376,4543
878,PDOC00124,4544
879,PDOC00124,4545
880,PDOC00124,4546
881,PDOC00124,4547
882,PDOC00124,4548
883,PDOC00124,4550
884,PDOC00124,4551
885,PDOC00124,4552
886,PDOC00124,4554
887,PDOC00124,4555
888,PDOC00124,4556
889,PDOC00125,4557
890,PDOC00124,4559
891,PDOC00803,4562
892,PDOC00124,4563
893,PDOC00124,4568
894,PDOC00125,4570
895,PDOC00125,4571
896,PDOC00125,4572
897,PDOC00125,4573
898,PDOC00125,4574
899,PDOC00125,4575
900,PDOC00124,4577
901,PDOC00124,4578
902,PDOC00124,4579
903,PDOC00124,4580
904,PDOC00124,4582
905,PDOC00124,4583
906,PDOC00125,4584
907,PDOC00124,4585
908,PDOC00124,4586
909,PDOC00124,4587
910,PDOC00124,4588
911,PDOC00124,4589
912,PDOC00124,4590
913,PDOC00124,4591
914,PDOC00587,4592
915,PDOC00124,4593
916,PDOC00124,4595
917,PDOC00418,4598
918,PDOC00358,4601
919,PDOC00125,4602
920,PDOC00125,4603
921,PDOC00124,4604
922,PDOC00125,4605
923,PDOC00124,4608
924,PDOC00124,4613
925,PDOC00124,4615
926,PDOC00124,4618
927,PDOC00125,4619
928,PDOC00125,4620
929,PDOC00125,4621
930,PDOC51494,4625
931,PDOC00124,4626
932,PDOC00124,4627
933,PDOC00124,4628
934,PDOC00124,4629
935,PDOC00126,4631
936,PDOC00126,4632
937,PDOC00126,4633
938,PDOC00126,4636
939,PDOC00126,4644
940,PDOC00126,4645
941,PDOC00126,4646
942,PDOC00126,4655
943,PDOC00126,4657
944,PDOC00126,4660
945,PDOC00126,4661
946,PDOC00126,4662
947,PDOC00126,4663
948,PDOC00126,4664
949,PDOC00864,4666
950,PDOC00126,4668
951,PDOC00126,4670
952,PDOC00126,4671
953,PDOC00126,4672
954,PDOC00126,4673
955,PDOC00126,4678
956,PDOC00126,4680
957,PDOC00126,4681
958,PDOC00126,4682
959,PDOC00126,4683
960,PDOC00126,4684
961,PDOC50203,4684
962,PDOC00864,4685
963,PDOC00864,4686
964,PDOC00864,4687
965,PDOC00864,4688
966,PDOC00864,4689
967,PDOC00864,4690
968,PDOC00864,4691
969,PDOC00864,4692
970,PDOC00864,4693
971,PDOC00864,4694
972,PDOC50600,4698
973,PDOC00128,4702
974,PDOC00128,4703
975,PDOC00128,4704
976,PDOC00128,4705
977,PDOC00128,4706
978,PDOC00128,4716
979,PDOC00128,4717
980,PDOC00128,4719
981,PDOC00128,4720
982,PDOC00128,4721
983,PDOC00128,4722
984,PDOC00128,4723
985,PDOC00128,4724
986,PDOC00128,4725
987,PDOC00128,4726
988,PDOC00128,4730
989,PDOC00128,4733
990,PDOC00128,4735
991,PDOC00128,4736
992,PDOC00669,4737
993,PDOC00128,4739
994,PDOC00128,4740
995,PDOC00128,4741
996,PDOC00128,4742
997,PDOC00128,4746
998,PDOC00128,4747
999,PDOC00128,4748
1000,PDOC00657,4750
1001,PDOC00128,4751
1002,PDOC00129,4754
1003,PDOC00129,4760
1004,PDOC00129,4764
1005,PDOC00129,4765
1006,PDOC00129,4767
1007,PDOC00129,4768
1008,PDOC00129,4769
1009,PDOC00129,4770
1010,PDOC00129,4771
1011,PDOC00129,4774
1012,PDOC00129,4775
1013,PDOC00129,4776
1014,PDOC00129,4777
1015,PDOC00129,4778
1016,PDOC00129,4779
1017,PDOC00129,4780
1018,PDOC00129,4781
1019,PDOC00129,4782
1020,PDOC00129,4783
1021,PDOC00129,4784
1022,PDOC00129,4787
1023,PDOC00129,4788
1024,PDOC00129,4789
1025,PDOC00129,4790
1026,PDOC00129,4791
1027,PDOC00129,4792
1028,PDOC00129,4793
1029,PDOC00129,4794
1030,PDOC00129,4795
1031,PDOC00129,4796
1032,PDOC00129,4797
1033,PDOC00129,4798
1034,PDOC00129,4799
1035,PDOC00129,4800
1036,PDOC00129,4801
1037,PDOC00129,4802
1038,PDOC00129,4803
1039,PDOC00129,4804
1040,PDOC00129,4805
1041,PDOC00129,4806
1042,PDOC00129,4807
1043,PDOC00130,4808
1044,PDOC00130,4809
1045,PDOC00779,4810
1046,PDOC00129,4811
1047,PDOC00129,4812
1048,PDOC00130,4814
1049,PDOC00129,4816
1050,PDOC00130,4817
1051,PDOC00129,4818
1052,PDOC00129,4819
1053,PDOC00129,4820
1054,PDOC00129,4821
1055,PDOC00129,4822
1056,PDOC00129,4823
1057,PDOC00129,4824
1058,PDOC00129,4825
1059,PDOC00129,4826
1060,PDOC00129,4830
1061,PDOC00129,4832
1062,PDOC00129,4833
1063,PDOC00129,4834
1064,PDOC00129,4835
1065,PDOC00129,4836
1066,PDOC00129,4837
1067,PDOC00129,4838
1068,PDOC00129,4839
1069,PDOC00129,4840
1070,PDOC00326,4841
1071,PDOC00668,4841
1072,PDOC00132,4889
1073,PDOC00132,4890
1074,PDOC00494,4892
1075,PDOC50263,4892
1076,PDOC00133,4893
1077,PDOC50263,4894
1078,PDOC50263,4900
1079,PDOC00613,4902
1080,PDOC00613,4904
1081,PDOC00613,4906
1082,PDOC00737,4916
1083,PDOC00132,4926
1084,PDOC50263,4980
1085,PDOC00494,4987
1086,PDOC50263,4988
1087,PDOC00401,5011
1088,PDOC00401,5013
1089,PDOC00134,5014
1090,PDOC00606,5014
1091,PDOC00494,5020
1092,PDOC00135,5028
1093,PDOC00135,5034
1094,PDOC00135,5035
1095,PDOC00135,5038
1096,PDOC00135,5049
1097,PDOC00419,5057
1098,PDOC00702,5058
1099,PDOC00419,5059
1100,PDOC00616,5062
1101,PDOC00702,5065
1102,PDOC00672,5069
1103,PDOC00702,5076
1104,PDOC00712,5096
1105,PDOC50263,5096
1106,PDOC00712,5102
1107,PDOC00894,5109
1108,PDOC00325,5114
1109,PDOC00952,5118
1110,PDOC00136,5120
1111,PDOC00952,5128
1112,PDOC00694,5130
1113,PDOC00695,5130
1114,PDOC00695,5135
1115,PDOC00694,5142
1116,PDOC00952,5155
1117,PDOC00627,5158
1118,PDOC00695,5165
1119,PDOC00139,5187
1120,PDOC00139,5188
1121,PDOC00139,5189
1122,PDOC00139,5190
1123,PDOC00139,5191
1124,PDOC00139,5192
1125,PDOC00139,5193
1126,PDOC00139,5194
1127,PDOC00139,5195
1128,PDOC00328,5195
1129,PDOC00139,5196
1130,PDOC00139,5197
1131,PDOC00139,5198
1132,PDOC00137,5200
1133,PDOC00138,5200
1134,PDOC00327,5200
1135,PDOC00420,5200
1136,PDOC00526,5200
1137,PDOC00137,5201
1138,PDOC00138,5201
1139,PDOC00327,5201
1140,PDOC00420,5201
1141,PDOC00526,5201
1142,PDOC00185,5203
1143,PDOC00185,5204
1144,PDOC00185,5205
1145,PDOC00185,5206
1146,PDOC00185,5207
1147,PDOC00185,5208
1148,PDOC00185,5209
1149,PDOC00185,5210
1150,PDOC00185,5211
1151,PDOC00185,5212
1152,PDOC00185,5213
1153,PDOC00185,5214
1154,PDOC00185,5215
1155,PDOC00185,5216
1156,PDOC00185,5217
1157,PDOC00185,5218
1158,PDOC00185,5219
1159,PDOC00185,5220
1160,PDOC00185,5221
1161,PDOC00185,5222
1162,PDOC00185,5223
1163,PDOC00185,5224
1164,PDOC00185,5225
1165,PDOC00185,5226
1166,PDOC00185,5227
1167,PDOC00185,5228
1168,PDOC00185,5229
1169,PDOC50990,5229
1170,PDOC00185,5230
1171,PDOC00185,5232
1172,PDOC00185,5233
1173,PDOC00185,5234
1174,PDOC00185,5235
1175,PDOC00139,5239
1176,PDOC00572,5245
1177,PDOC00343,5246
1178,PDOC00343,5247
1179,PDOC00572,5248
1180,PDOC00572,5250
1181,PDOC00269,5252
1182,PDOC00039,5254
1183,PDOC51192,5254
1184,PDOC51198,5254
1185,PDOC51199,5254
1186,PDOC51206,5254
1187,PDOC51413,5254
1188,PDOC00039,5255
1189,PDOC51192,5255
1190,PDOC01002,5256
1191,PDOC00859,5257
1192,PDOC00273,5258
1193,PDOC00905,5258
1194,PDOC00970,5258
1195,PDOC00272,5259
1196,PDOC00362,5260
1197,PDOC00199,5261
1198,PDOC00273,5262
1199,PDOC00150,5292
1200,PDOC00166,5309
1201,PDOC00167,5311
1202,PDOC50991,5311
1203,PDOC00166,5315
1204,PDOC00329,5323
1205,PDOC00585,5325
1206,PDOC00685,5325
1207,PDOC00585,5326
1208,PDOC00585,5327
1209,PDOC00685,5327
1210,PDOC00685,5328
1211,PDOC50975,5329
1212,PDOC00329,5330
1213,PDOC00141,5331
1214,PDOC00329,5333
1215,PDOC00329,5336
1216,PDOC00330,5339
1217,PDOC00421,5340
1218,PDOC00705,5345
1219,PDOC00142,5347
1220,PDOC00536,5356
1221,PDOC00460,5357
1222,PDOC01038,5358
1223,PDOC00519,5372
1224,PDOC00167,5378
1225,PDOC50980,5378
1226,PDOC00166,5382
1227,PDOC00166,5390
1228,PDOC00892,5392
1229,PDOC50980,5396
1230,PDOC50980,5397
1231,PDOC00151,5415
1232,PDOC00143,5420
1233,PDOC00523,5420
1234,PDOC00144,5421
1235,PDOC00145,5470
1236,PDOC00569,5472
1237,PDOC00813,5473
1238,PDOC00144,5485
1239,PDOC00405,5496
1240,PDOC00150,5505
1241,PDOC50991,5508
1242,PDOC00667,5517
1243,PDOC00667,5518
1244,PDOC00331,5519
1245,PDOC00832,5519
1246,PDOC00331,5529
1247,PDOC00146,5537
1248,PDOC00586,5537
1249,PDOC00147,5538
1250,PDOC00423,5539
1251,PDOC00690,5545
1252,PDOC00788,5546
1253,PDOC00789,5546
1254,PDOC00148,5547
1255,PDOC00690,5548
1256,PDOC00150,5553
1257,PDOC00150,5554
1258,PDOC00738,5555
1259,PDOC00151,5556
1260,PDOC00152,5556
1261,PDOC00700,5558
1262,PDOC00153,5560
1263,PDOC00423,5569
1264,PDOC00423,5572
1265,PDOC00947,5585
1266,PDOC00671,5587
1267,PDOC00150,5591
1268,PDOC00712,5602
1269,PDOC50263,5602
1270,PDOC00869,5606
1271,PDOC00885,5606
1272,PDOC51471,5614
1273,PDOC00798,5627
1274,PDOC00081,5628
1275,PDOC00423,5650
1276,PDOC00150,5652
1277,PDOC00149,5717
1278,PDOC01037,5719
1279,PDOC00628,5721
1280,PDOC00759,5728
1281,PDOC00407,5759
1282,PDOC00598,5892
1283,PDOC00599,5892
1284,PDOC00615,5892
1285,PDOC00147,5898
1286,PDOC00424,5900
1287,PDOC00149,5914
1288,PDOC00149,5916
1289,PDOC00424,5920
1290,PDOC00424,5921
1291,PDOC00424,5922
1292,PDOC00147,5928
1293,PDOC00147,5929
1294,PDOC00569,5940
1295,PDOC00677,5946
1296,PDOC00720,5950
1297,PDOC00518,5953
1298,PDOC00677,5953
1299,PDOC00677,5956
1300,PDOC00098,5959
1301,PDOC00647,5962
1302,PDOC00999,5965
1303,PDOC00425,5978
1304,PDOC00837,5978
1305,PDOC00425,5979
1306,PDOC01048,5989
1307,PDOC00462,5995
1308,PDOC00332,6003
1309,PDOC00714,6005
1310,PDOC01029,6009
1311,PDOC00427,6013
1312,PDOC00714,6015
1313,PDOC00149,6020
1314,PDOC00706,6024
1315,PDOC00833,6029
1316,PDOC00471,6031
1317,PDOC00154,6073
1318,PDOC00426,6073
1319,PDOC00840,6073
1320,PDOC00155,6080
1321,PDOC00156,6084
1322,PDOC00746,6087
1323,PDOC00157,6088
1324,PDOC51464,6092
1325,PDOC51464,6106
1326,PDOC00398,6132
1327,PDOC00172,6139
1328,PDOC00187,6141
1329,PDOC00081,6143
1330,PDOC00081,6144
1331,PDOC00589,6156
1332,PDOC00589,6157
1333,PDOC00158,6158
1334,PDOC00589,6162
1335,PDOC00158,6165
1336,PDOC00158,6166
1337,PDOC00519,6174
1338,PDOC00470,6185
1339,PDOC51167,6188
1340,PDOC00825,6190
1341,PDOC00825,6191
1342,PDOC00825,6200
1343,PDOC00706,6247
1344,PDOC00147,6248
1345,PDOC00706,6253
1346,PDOC00159,6274
1347,PDOC00333,6274
1348,PDOC00160,6275
1349,PDOC00161,6277
1350,PDOC00161,6278
1351,PDOC00363,6279
1352,PDOC00161,6280
1353,PDOC00161,6281
1354,PDOC00363,6282
1355,PDOC00363,6283
1356,PDOC00161,6285
1357,PDOC00161,6286
1358,PDOC00363,6287
1359,PDOC00363,6288
1360,PDOC00363,6290
1361,PDOC00363,6291
1362,PDOC00161,6292
1363,PDOC00161,6293
1364,PDOC00161,6294
1365,PDOC00161,6295
1366,PDOC00363,6296
1367,PDOC00363,6297
1368,PDOC00363,6298
1369,PDOC00363,6303
1370,PDOC00427,6307
1371,PDOC00427,6309
1372,PDOC00335,6310
1373,PDOC00335,6311
1374,PDOC50975,6311
1375,PDOC00427,6318
1376,PDOC00427,6322
1377,PDOC00427,6332
1378,PDOC00162,6351
1379,PDOC50975,6358
1380,PDOC00162,6360
1381,PDOC50975,6361
1382,PDOC50975,6369
1383,PDOC00659,6370
1384,PDOC50975,6370
1385,PDOC00810,6372
1386,PDOC50975,6374
1387,PDOC00773,6383
1388,PDOC00163,6385
1389,PDOC00427,6386
1390,PDOC51221,6391
1391,PDOC00427,6392
1392,PDOC50975,6395
1393,PDOC50975,6396
1394,PDOC50975,6398
1395,PDOC50975,6399
1396,PDOC00405,6422
1397,PDOC00595,6423
1398,PDOC00444,6424
1399,PDOC00488,6425
1400,PDOC00167,6426
1401,PDOC00676,6426
1402,PDOC50975,6426
1403,PDOC50979,6426
1404,PDOC00164,6433
1405,PDOC50975,6433
1406,PDOC50975,6434
1407,PDOC00676,6436
1408,PDOC50263,6444
1409,PDOC00405,6445
1410,PDOC00405,6446
1411,PDOC00406,6447
1412,PDOC00405,6448
1413,PDOC00676,6448
1414,PDOC50975,6448
1415,PDOC00948,6450
1416,PDOC00167,6455
1417,PDOC00676,6455
1418,PDOC50975,6455
1419,PDOC50979,6455
1420,PDOC50991,6455
1421,PDOC00167,6456
1422,PDOC00676,6456
1423,PDOC50979,6456
1424,PDOC50980,6456
1425,PDOC00167,6457
1426,PDOC00676,6457
1427,PDOC50975,6457
1428,PDOC50979,6457
1429,PDOC50980,6457
1430,PDOC00167,6458
1431,PDOC50975,6458
1432,PDOC50979,6458
1433,PDOC50980,6458
1434,PDOC00167,6459
1435,PDOC00676,6461
1436,PDOC50975,6461
1437,PDOC00295,6463
1438,PDOC00809,6464
1439,PDOC00989,6466
